{
	"IcoMoonType": "selection",
	"icons": [
		{
			"icon": {
				"paths": [
					"M256 128l640 384-640 384z"
				],
				"attrs": [],
				"tags": [
					"play",
					"player"
				],
				"grid": 16
			},
			"attrs": [],
			"properties": {
				"id": 1001,
				"order": 1,
				"prevSize": 32,
				"ligatures": "play3, player8",
				"name": "play",
				"code": 58880
			},
			"setIdx": 0,
			"setId": 0,
			"iconIdx": 286
		},
		{
			"icon": {
				"paths": [
					"M192 192h640v640h-640z"
				],
				"attrs": [],
				"tags": [
					"stop",
					"player",
					"square"
				],
				"grid": 16
			},
			"attrs": [],
			"properties": {
				"id": 1003,
				"order": 2,
				"prevSize": 32,
				"ligatures": "stop2, player10",
				"name": "stop",
				"code": 58881
			},
			"setIdx": 0,
			"setId": 0,
			"iconIdx": 288
		}
	],
	"height": 1024,
	"metadata": {
		"name": "icons"
	},
	"preferences": {
		"showGlyphs": true,
		"showQuickUse": true,
		"showQuickUse2": true,
		"showSVGs": true,
		"fontPref": {
			"prefix": "icon-",
			"metadata": {
				"fontFamily": "icons",
				"majorVersion": 1,
				"minorVersion": 0
			},
			"metrics": {
				"emSize": 1024,
				"baseline": 16,
				"whitespace": 25
			},
			"embed": false,
			"cssVars": true,
			"showSelector": true,
			"showMetrics": true,
			"showMetadata": false,
			"showVersion": false,
			"resetPoint": 58880
		},
		"imagePref": {
			"prefix": "icon-",
			"png": true,
			"useClassSelector": true,
			"color": 4473924,
			"bgColor": 16777215
		},
		"historySize": 100,
		"showCodes": true,
		"gridSize": 16,
		"showGrid": false
	}
}